P_ID,P_TIME,PARTY_DATE,P_DURATION
991559,15:15,10-Jan-17,02:00
947226,16:45,20-Jan-17,02:00
639315,09:45,24-Jan-17,02:00
692761,11:45,25-Jan-17,02:00
550339,16:00,25-Jan-17,02:00
398316,12:45,01-Feb-17,02:00
170175,09:00,03-Feb-17,02:00
275400,14:45,15-Mar-17,02:00
638765,13:15,15-Mar-17,02:00
257503,15:30,30-Mar-17,02:00
253711,14:30,05-Apr-17,02:00
724975,16:30,24-Apr-17,02:00
304596,09:15,01-Jun-17,02:00
636104,12:30,12-Jun-17,02:00
360903,15:00,23-Jun-17,02:00
522134,13:30,23-Jun-17,02:00
168908,12:00,23-Jun-17,02:00
515209,15:45,19-Jul-17,02:00
905100,17:00,24-Jul-17,02:00
338516,11:00,08-Aug-17,02:00
419085,10:00,15-Aug-17,02:00
624079,14:00,25-Aug-17,02:00
618679,11:15,28-Aug-17,02:00
115992,10:30,29-Sep-17,02:00
191897,14:15,20-Oct-17,02:00
976567,12:15,15-Nov-17,02:00
729231,13:45,21-Nov-17,02:00
476642,11:30,23-Nov-17,02:00
363937,09:30,15-Dec-17,02:00
490642,10:15,15-Dec-17,02:00
902951,14:00,28-Dec-17,02:00
139938,17:00,08-Jan-18,02:00
500120,11:00,12-Jan-18,02:00
354535,13:45,30-Jan-18,02:00
235778,14:30,14-Mar-18,02:00
759794,09:00,20-Mar-18,02:00
189378,09:15,22-Mar-18,02:00
202516,14:45,26-Mar-18,02:00
163807,11:15,02-Apr-18,02:00
405904,15:15,01-May-18,02:00
276783,16:30,04-May-18,02:00
865175,11:30,08-May-18,02:00
993900,10:30,10-May-18,02:00
323110,11:45,24-May-18,02:00
677223,15:00,25-May-18,02:00
521518,16:00,04-Jun-18,02:00
690526,16:45,07-Jun-18,02:00
606754,10:00,22-Jun-18,02:00
764267,12:45,26-Jun-18,02:00
923615,10:15,03-Jul-18,02:00
423486,13:15,09-Jul-18,02:00
677776,12:30,10-Jul-18,02:00
944403,14:15,17-Jul-18,02:00
187718,15:30,20-Jul-18,02:00
707528,15:45,20-Jul-18,02:00
963840,09:30,25-Jul-18,02:00
450806,13:30,26-Jul-18,02:00
519383,12:15,27-Jul-18,02:00
368786,09:45,31-Jul-18,02:00
567692,12:00,01-Aug-18,02:00
932561,10:15,02-Aug-18,02:00
379222,14:00,21-Aug-18,02:00
368497,11:30,21-Aug-18,02:00
300657,13:15,23-Aug-18,02:00
165561,09:15,03-Sep-18,02:00
666798,15:45,18-Sep-18,02:00
899802,10:00,28-Sep-18,02:00
596005,16:30,01-Oct-18,02:00
774920,16:45,09-Oct-18,02:00
793066,13:30,18-Oct-18,02:00
928298,09:00,23-02-2017,02:00
856885,09:15,09-03-2017,02:00
971956,09:30,21-03-2017,02:00
794269,09:45,24-03-2017,02:00
842074,10:00,30-03-2017,02:00
911920,10:15,14-04-2017,02:00
580904,10:30,24-05-2017,02:00
731421,10:45,30-06-2017,02:00
244574,11:00,29-08-2017,02:00
756123,11:15,16-10-2017,02:00
227599,11:30,20-11-2017,02:00
786851,11:45,21-11-2017,02:00
768751,12:00,23-11-2017,02:00
286257,12:15,04-12-2017,02:00
376961,12:30,14-12-2017,02:00
734234,12:45,26-01-2018,02:00
228348,13:00,06-02-2018,02:00
918513,13:15,14-02-2018,02:00
477632,13:30,19-02-2018,02:00
336646,13:45,16-03-2018,02:00
826505,14:00,19-03-2018,02:00
801507,14:15,23-03-2018,02:00
979652,14:30,20-06-2018,02:00
646053,14:45,24-07-2018,02:00
681798,15:00,10-09-2018,02:00
277794,15:15,09-01-2017,02:00
221266,15:30,06-02-2017,02:00
972707,15:45,06-04-2017,02:00
206688,16:00,21-06-2017,02:00
445665,16:15,18-07-2017,02:00
838584,16:30,07-08-2017,02:00
220849,16:45,07-11-2017,02:00
204901,17:00,20-11-2017,02:00
830586,09:00,28-11-2017,02:00
236048,09:15,07-12-2017,02:00
622868,09:30,05-01-2018,02:00
564005,09:45,01-02-2018,02:00
152557,10:00,02-02-2018,02:00
420784,10:15,07-02-2018,02:00
664047,10:30,13-02-2018,02:00
615034,10:45,28-02-2018,02:00
903555,11:00,05-03-2018,02:00
180668,11:15,26-03-2018,02:00
475005,11:30,19-04-2018,02:00
956440,11:45,23-04-2018,02:00
511462,12:00,26-04-2018,02:00
959453,12:15,14-05-2018,02:00
754537,12:30,17-05-2018,02:00
995584,12:45,10-09-2018,02:00
160264,13:00,16-10-2018,02:00
698978,13:15,03-01-2017,02:00
405938,13:30,17-02-2017,02:00
281610,13:45,28-02-2017,02:00
911993,14:00,19-06-2017,02:00
858745,14:15,06-07-2017,02:00
780194,14:30,19-07-2017,02:00
291106,14:45,04-08-2017,02:00
408035,15:00,02-10-2017,02:00
657757,15:15,27-10-2017,02:00
302246,15:30,01-11-2017,02:00
164566,15:45,17-11-2017,02:00
182494,16:00,11-12-2017,02:00
682197,16:15,13-12-2017,02:00
745133,16:30,18-12-2017,02:00
334525,16:45,10-01-2018,02:00
835902,17:00,27-02-2018,02:00
515268,09:00,05-03-2018,02:00
172247,09:15,13-04-2018,02:00
281809,09:30,19-04-2018,02:00
468700,09:45,24-05-2018,02:00
672562,10:00,18-06-2018,02:00
414199,10:15,20-06-2018,02:00
300385,10:30,20-08-2018,02:00
402597,10:45,17-10-2018,02:00
977634,11:00,19-10-2018,02:00
446128,11:15,03-01-2017,02:00
483346,11:30,01-03-2017,02:00
281187,11:45,31-03-2017,02:00
698399,12:00,12-05-2017,02:00
212661,12:15,14-06-2017,02:00
111764,12:30,15-06-2017,02:00
847203,12:45,18-07-2017,02:00
763976,13:00,17-08-2017,02:00
741460,13:15,18-08-2017,02:00
678874,13:30,24-08-2017,02:00
276310,13:45,27-09-2017,02:00
864779,14:00,26-10-2017,02:00
940470,14:15,29-11-2017,02:00
532867,14:30,28-12-2017,02:00
333624,14:45,03-01-2018,02:00
167998,15:00,09-01-2018,02:00
715180,15:15,31-01-2018,02:00
832324,15:30,04-05-2018,02:00
762501,15:45,10-07-2018,02:00
599518,16:00,17-07-2018,02:00
114614,16:15,16-08-2018,02:00
581143,16:30,24-08-2018,02:00
886346,16:45,29-08-2018,02:00
703297,17:00,30-08-2018,02:00
721283,09:00,17-10-2018,02:00
228674,09:15,24-03-2017,02:00
445739,09:30,10-04-2017,02:00
525661,09:45,13-04-2017,02:00
973148,10:00,17-04-2017,02:00
123317,10:15,05-07-2017,02:00
487665,10:30,08-08-2017,02:00
619311,10:45,29-08-2017,02:00
778217,11:00,07-09-2017,02:00
730484,11:15,26-10-2017,02:00
640734,11:30,27-10-2017,02:00
300363,11:45,14-12-2017,02:00
185018,12:00,13-02-2018,02:00
869634,12:15,15-02-2018,02:00
771210,12:30,20-02-2018,02:00
827931,12:45,19-03-2018,02:00
721753,13:00,20-03-2018,02:00
667614,13:15,13-04-2018,02:00
543311,13:30,23-04-2018,02:00
347930,13:45,27-06-2018,02:00
832215,14:00,04-07-2018,02:00
398509,14:15,27-07-2018,02:00
167731,14:30,29-08-2018,02:00
922264,14:45,30-08-2018,02:00
393135,15:00,14-09-2018,02:00
999564,15:15,08-10-2018,02:00
138278,15:30,10-01-2017,02:00
184442,15:45,18-01-2017,02:00
466038,16:00,29-05-2017,02:00
511332,16:15,21-07-2017,02:00
552679,16:30,01-08-2017,02:00
453014,16:45,12-10-2017,02:00
872052,17:00,01-11-2017,02:00
430814,09:00,06-11-2017,02:00
773343,09:15,14-11-2017,02:00
985309,09:30,23-11-2017,02:00
343066,09:45,24-11-2017,02:00
963239,10:00,27-11-2017,02:00
215353,10:15,30-11-2017,02:00
750833,10:30,14-12-2017,02:00
381605,10:45,24-01-2018,02:00
972098,11:00,26-03-2018,02:00
288928,11:15,30-03-2018,02:00
165683,11:30,18-05-2018,02:00
179263,11:45,25-07-2018,02:00
325920,12:00,27-07-2018,02:00
613474,12:15,17-08-2018,02:00
298988,12:30,27-08-2018,02:00
404695,12:45,29-08-2018,02:00
507046,13:00,21-09-2018,02:00
243691,13:15,10-10-2018,02:00
464755,13:30,06-01-2017,02:00
800714,13:45,18-01-2017,02:00
541812,14:00,30-01-2017,02:00
976812,14:15,16-03-2017,02:00
765077,14:30,22-03-2017,02:00
598038,14:45,17-04-2017,02:00
668577,15:00,20-04-2017,02:00
569680,15:15,10-05-2017,02:00
709973,15:30,14-07-2017,02:00
457780,15:45,17-07-2017,02:00
793236,16:00,24-07-2017,02:00
220593,16:15,03-08-2017,02:00
964102,16:30,04-08-2017,02:00
832438,16:45,06-09-2017,02:00
187953,17:00,03-10-2017,02:00
806992,09:00,05-10-2017,02:00
408787,09:00,25-10-2017,02:00
157483,09:15,03-11-2017,02:00
156517,09:30,20-03-2018,02:00
773407,09:45,23-03-2018,02:00
500287,10:00,28-03-2018,02:00
430926,10:15,30-03-2018,02:00
575728,10:30,25-05-2018,02:00
233231,10:45,06-07-2018,02:00
617033,11:00,07-08-2018,02:00
346341,11:15,19-01-2017,02:00
181371,11:30,24-01-2017,02:00
219678,11:45,08-02-2017,02:00
917141,12:00,21-02-2017,02:00
793812,12:15,12-04-2017,02:00
471839,12:30,05-05-2017,02:00
944608,12:45,07-07-2017,02:00
327640,13:00,04-09-2017,02:00
665348,13:15,07-09-2017,02:00
787680,13:30,05-10-2017,02:00
382190,13:45,29-11-2017,02:00
242614,14:00,22-12-2017,02:00
332468,14:15,24-01-2018,02:00
811616,14:30,09-02-2018,02:00
683868,14:45,28-03-2018,02:00
498737,15:00,30-04-2018,02:00
266414,15:15,17-05-2018,02:00
917657,15:30,01-06-2018,02:00
349866,15:45,08-06-2018,02:00
333814,16:00,11-06-2018,02:00
888916,16:15,22-06-2018,02:00
587149,16:30,28-06-2018,02:00
940835,16:45,27-08-2018,02:00
331183,17:00,31-08-2018,02:00
145604,09:00,08-10-2018,02:00
888568,09:00,27-02-2017,02:00
826299,09:15,01-03-2017,02:00
185536,09:30,05-04-2017,02:00
757709,09:45,05-06-2017,02:00
113941,10:00,29-06-2017,02:00
261957,10:15,19-07-2017,02:00
873547,10:30,18-10-2017,02:00
485336,10:45,15-11-2017,02:00
964266,11:00,21-11-2017,02:00
267276,11:15,29-12-2017,02:00
666781,11:30,04-01-2018,02:00
565630,11:45,24-01-2018,02:00
319162,12:00,08-02-2018,02:00
749470,12:15,23-02-2018,02:00
643101,12:30,04-04-2018,02:00
201621,12:45,23-04-2018,02:00
473329,13:00,01-05-2018,02:00
271850,13:15,09-05-2018,02:00
585017,13:30,01-06-2018,02:00
921366,13:45,29-06-2018,02:00
641889,14:00,02-07-2018,02:00
842292,14:15,31-07-2018,02:00
626196,14:30,14-09-2018,02:00
856232,14:45,03-10-2018,02:00
606672,15:00,04-10-2018,02:00
417887,15:15,08-02-2017,02:00
669656,15:30,21-03-2017,02:00
799351,15:45,20-06-2017,02:00
993136,16:00,15-08-2017,02:00
680578,16:15,29-09-2017,02:00
152053,16:30,09-10-2017,02:00
619380,16:45,08-11-2017,02:00
581547,17:00,09-11-2017,02:00
291326,09:00,23-11-2017,02:00
272042,09:00,15-12-2017,02:00
914448,09:15,03-01-2018,02:00
657639,09:30,15-02-2018,02:00
752219,09:45,27-02-2018,02:00
766110,10:00,28-02-2018,02:00
352472,10:15,11-04-2018,02:00
284176,10:30,02-05-2018,02:00
712031,10:45,15-05-2018,02:00
262990,11:00,24-05-2018,02:00
797816,11:15,22-06-2018,02:00
298745,11:30,02-07-2018,02:00
377689,11:45,11-07-2018,02:00
947191,12:00,04-10-2018,02:00
909155,12:15,19-10-2018,02:00
478416,12:30,25-10-2018,02:00
369299,12:45,31-10-2018,02:00
382611,13:00,08-02-2017,02:00
907238,13:15,21-03-2017,02:00
102951,13:30,20-06-2017,02:00
250689,13:45,15-08-2017,02:00
367514,14:00,29-09-2017,02:00
355459,14:15,09-10-2017,02:00
481761,14:30,08-11-2017,02:00
240566,14:45,09-11-2017,02:00
967640,15:00,23-11-2017,02:00
823767,15:15,15-12-2017,02:00
469020,15:30,03-01-2018,02:00
564922,15:45,15-02-2018,02:00
178714,16:00,27-02-2018,02:00
122719,16:15,28-02-2018,02:00
410559,16:30,11-04-2018,02:00
117453,16:45,02-05-2018,02:00
545249,17:00,15-05-2018,02:00
434985,09:00,24-05-2018,02:00
231097,09:00,22-06-2018,02:00
636943,09:15,02-07-2018,02:00
144728,09:30,11-07-2018,02:00
591382,09:45,04-10-2018,02:00
604305,10:00,19-10-2018,02:00
212961,10:15,25-10-2018,02:00
552651,10:30,31-10-2018,02:00
617024,10:45,09-01-2017,02:00
153126,11:00,14-02-2017,02:00
362707,11:15,27-02-2017,02:00
125671,11:30,24-03-2017,02:00
415877,11:45,01-05-2017,02:00
623860,12:00,02-05-2017,02:00
295438,12:15,17-05-2017,02:00
386044,12:30,26-06-2017,02:00
401010,12:45,24-07-2017,02:00
785612,13:00,31-07-2017,02:00
691162,13:15,01-09-2017,02:00
932396,13:30,06-09-2017,02:00
881175,13:45,19-12-2017,02:00
955235,14:00,25-12-2017,02:00
623663,14:15,01-01-2018,02:00
986012,14:30,18-01-2018,02:00
160756,14:45,16-02-2018,02:00
540404,15:00,04-04-2018,02:00
157803,15:15,22-05-2018,02:00
994291,15:30,12-06-2018,02:00
745675,15:45,20-07-2018,02:00
172720,16:00,25-07-2018,02:00
570302,16:15,13-09-2018,02:00
898814,16:30,03-10-2018,02:00
377316,16:45,31-10-2018,02:00
761563,17:00,12-01-2017,02:00
683597,09:00,17-03-2017,02:00
625244,09:00,06-04-2017,02:00
949801,09:15,11-04-2017,02:00
497806,09:30,04-05-2017,02:00
955151,09:45,05-05-2017,02:00
525749,10:00,16-08-2017,02:00
428186,10:15,04-09-2017,02:00
644081,10:30,13-09-2017,02:00
982729,10:45,19-09-2017,02:00
357379,11:00,03-10-2017,02:00
504362,11:15,20-10-2017,02:00
538719,11:30,18-12-2017,02:00
826473,11:45,11-01-2018,02:00
603602,12:00,15-01-2018,02:00
101557,12:15,01-02-2018,02:00
571336,12:30,22-02-2018,02:00
620342,12:45,01-03-2018,02:00
528906,13:00,08-03-2018,02:00
106476,13:15,09-03-2018,02:00
922296,13:30,24-05-2018,02:00
745341,13:45,18-07-2018,02:00
243158,14:00,26-07-2018,02:00
658701,14:15,10-09-2018,02:00
314577,14:30,03-10-2018,02:00
202413,14:45,31-01-2017,02:00
442055,15:00,06-03-2017,02:00
280045,15:15,27-04-2017,02:00
426349,15:30,04-05-2017,02:00
692926,15:45,16-06-2017,02:00
952850,16:00,10-08-2017,02:00
221855,16:15,14-08-2017,02:00
439596,16:30,01-09-2017,02:00
169275,16:45,15-09-2017,02:00
927581,17:00,26-10-2017,02:00
690095,09:00,06-11-2017,02:00
531675,09:00,07-11-2017,02:00
388626,09:15,18-12-2017,02:00
678719,09:30,08-01-2018,02:00
543123,09:45,15-01-2018,02:00
726593,10:00,27-02-2018,02:00
568889,10:15,26-03-2018,02:00
753722,10:30,27-03-2018,02:00
771419,10:45,02-05-2018,02:00
924075,11:00,31-05-2018,02:00
232311,11:15,06-06-2018,02:00
398301,11:30,20-06-2018,02:00
131646,11:45,17-09-2018,02:00
316974,12:00,20-09-2018,02:00
406613,12:15,26-09-2018,02:00
643292,12:30,05-01-2017,02:00
836671,12:45,20-06-2017,02:00
588892,13:00,07-09-2017,02:00
225656,13:15,28-09-2017,02:00
820062,13:30,20-10-2017,02:00
251885,13:45,26-10-2017,02:00
488605,14:00,02-11-2017,02:00
946919,14:15,14-11-2017,02:00
731681,14:30,07-12-2017,02:00
814492,14:45,18-12-2017,02:00
779045,15:00,22-12-2017,02:00
899626,15:15,04-01-2018,02:00
376334,15:30,08-01-2018,02:00
497704,15:45,12-02-2018,02:00
556812,16:00,05-03-2018,02:00
749268,16:15,21-03-2018,02:00
333086,16:30,04-04-2018,02:00
248356,16:45,01-05-2018,02:00
362388,17:00,08-05-2018,02:00
322270,09:00,29-05-2018,02:00
635506,09:00,01-08-2018,02:00
442965,09:15,24-08-2018,02:00
970978,09:30,05-09-2018,02:00
893190,09:45,01-10-2018,02:00
541416,10:00,25-10-2018,02:00
861933,10:15,22-02-2017,02:00
872823,10:30,12-05-2017,02:00
638181,10:45,23-06-2017,02:00
885105,11:00,11-08-2017,02:00
183205,11:15,18-08-2017,02:00
922463,11:30,23-08-2017,02:00
382835,11:45,20-09-2017,02:00
841090,12:00,26-09-2017,02:00
846816,12:15,17-10-2017,02:00
912812,12:30,05-12-2017,02:00
520506,12:45,21-12-2017,02:00
401285,13:00,26-12-2017,02:00
650961,13:15,29-12-2017,02:00
324235,13:30,12-02-2018,02:00
485409,13:45,14-02-2018,02:00
547538,14:00,09-03-2018,02:00
784608,14:15,03-05-2018,02:00
231009,14:30,18-05-2018,02:00
850732,14:45,24-05-2018,02:00
396639,15:00,14-06-2018,02:00
844323,15:15,07-09-2018,02:00
869467,15:30,12-09-2018,02:00
866852,15:45,26-09-2018,02:00
545078,16:00,02-10-2018,02:00
166735,16:15,29-10-2018,02:00
906930,16:30,16-01-2017,02:00
142734,16:45,19-04-2017,02:00
983259,17:00,21-04-2017,02:00
354515,09:00,11-07-2017,02:00
408310,09:00,18-07-2017,02:00
944427,09:15,31-07-2017,02:00
424366,09:30,15-08-2017,02:00
811652,09:45,05-09-2017,02:00
729849,10:00,06-11-2017,02:00
197087,10:15,09-11-2017,02:00
412796,10:30,15-11-2017,02:00
369106,10:45,29-01-2018,02:00
310144,11:00,31-01-2018,02:00
172222,11:15,14-02-2018,02:00
366301,11:30,16-02-2018,02:00
448229,11:45,23-02-2018,02:00
984015,12:00,26-03-2018,02:00
930286,12:15,30-03-2018,02:00
885298,12:30,12-04-2018,02:00
216548,12:45,01-06-2018,02:00
124965,13:00,20-06-2018,02:00
399262,13:15,02-08-2018,02:00
411942,13:30,09-08-2018,02:00
477317,13:45,03-09-2018,02:00
247220,14:00,23-10-2018,02:00
338586,14:15,10-01-2017,02:00
665397,14:30,02-02-2017,02:00
357625,14:45,07-02-2017,02:00
591094,15:00,08-02-2017,02:00
